productId,productName
101,Product 1
102,Product 2
103,Product 3
104,Product 4
105,Product 5
106,Product 6
107,Product 7
108,Product 8
109,Product 9
110,Product 10
111,Product 11
112,Product 12
113,Product 13
114,Product 14
115,Product 15
116,Product 16
117,Product 17
118,Product 18
119,Product 19
120,Product 20
121,Product 21
122,Product 22
123,Product 23
124,Product 24
125,Product 25
126,Product 26
127,Product 27
128,Product 28
129,Product 29
130,Product 30
131,Product 31
132,Product 32
133,Product 33
134,Product 34
135,Product 35
136,Product 36
137,Product 37
138,Product 38
139,Product 39
140,Product 40
141,Product 41
142,Product 42
143,Product 43
144,Product 44
145,Product 45
146,Product 46
147,Product 47
148,Product 48
149,Product 49
150,Product 50
